{"learner":{"attributes":{},"feature_names":[],"feature_types":[],"gradient_booster":{"model":{"gbtree_model_param":{"num_parallel_tree":"1","num_trees":"2"},"iteration_indptr":[0,1,2],"tree_info":[0,0],"trees":[{"base_weights":[-1.0253769E-8,-1.6318032E0,1.5086483E0,-2.4248002E0,-7.0473135E-1,1.818768E-1,1.9802617E0,-2.886342E-1,-1.02553844E-1,-1.2475717E-1,5.0222976E-3,-5.452019E-2,1.0907098E-1,1.562764E-1,3.0347285E-1],"categories":[],"categories_nodes":[],"categories_segments":[],"categories_sizes":[],"default_left":[0,0,0,0,0,0,0,0,0,0,0,0,0,0,0],"id":0,"left_children":[1,3,5,7,9,11,13,-1,-1,-1,-1,-1,-1,-1,-1],"loss_changes":[2.5110533E2,3.431427E1,3.280316E1,1.3831207E1,9.898331E0,1.0506555E1,1.2426697E1,0E0,0E0,0E0,0E0,0E0,0E0,0E0,0E0],"parents":[2147483647,0,0,1,1,2,2,3,3,4,4,5,5,6,6],"right_children":[2,4,6,8,10,12,14,-1,-1,-1,-1,-1,-1,-1,-1],"split_conditions":[-1.7020414E-2,-3.1229225E-1,-7.6414394E-1,-4.8102713E-1,-5.7578796E-1,8.145198E-1,1.1523316E0,-2.886342E-1,-1.02553844E-1,-1.2475717E-1,5.0222976E-3,-5.452019E-2,1.0907098E-1,1.562764E-1,3.0347285E-1],"split_indices":[1,0,0,1,1,1,1,0,0,0,0,0,0,0,0],"split_type":[0,0,0,0,0,0,0,0,0,0,0,0,0,0,0],"sum_hessian":[1E2,4.8E1,5.2E1,2.5E1,2.3E1,1.4E1,3.8E1,1.8E1,7E0,1.3E1,1E1,8E0,6E0,2.9E1,9E0],"tree_param":{"num_deleted":"0","num_feature":"5","num_nodes":"15","size_leaf_vector":"1"}},{"base_weights":[3.3440236E-5,-1.4509242E0,1.3951843E0,-2.3444204E0,-7.230675E-1,1.6732582E-1,1.8431499E0,-2.6303664E-1,-8.461305E-2,-1.6361992E-1,-1.563562E-2,-4.9673956E-2,9.972205E-2,1.462885E-1,2.761603E-1],"categories":[],"categories_nodes":[],"categories_segments":[],"categories_sizes":[],"default_left":[0,0,0,0,0,0,0,0,0,0,0,0,0,0,0],"id":1,"left_children":[1,3,5,7,9,11,13,-1,-1,-1,-1,-1,-1,-1,-1],"loss_changes":[2.0647906E2,3.0821686E1,2.8293587E1,7.199829E0,1.4751147E1,8.761923E0,9.231796E0,0E0,0E0,0E0,0E0,0E0,0E0,0E0,0E0],"parents":[2147483647,0,0,1,1,2,2,3,3,4,4,5,5,6,6],"right_children":[2,4,6,8,10,12,14,-1,-1,-1,-1,-1,-1,-1,-1],"split_conditions":[3.770889E-3,-9.6050435E-1,-7.6414394E-1,6.0884386E-1,-6.280876E-1,8.145198E-1,1.1523316E0,-2.6303664E-1,-8.461305E-2,-1.6361992E-1,-1.563562E-2,-4.9673956E-2,9.972205E-2,1.462885E-1,2.761603E-1],"split_indices":[1,1,0,0,0,1,1,0,0,0,0,0,0,0,0],"split_type":[0,0,0,0,0,0,0,0,0,0,0,0,0,0,0],"sum_hessian":[1E2,4.9E1,5.1E1,2.1E1,2.8E1,1.4E1,3.7E1,1.7E1,4E0,1E1,1.8E1,8E0,6E0,2.8E1,9E0],"tree_param":{"num_deleted":"0","num_feature":"5","num_nodes":"15","size_leaf_vector":"1"}}]},"name":"gbtree"},"learner_model_param":{"base_score":"-1.8620324E-1","boost_from_average":"1","num_class":"0","num_feature":"5","num_target":"1"},"objective":{"name":"reg:squarederror","reg_loss_param":{"scale_pos_weight":"1"}}},"version":[2,1,1]}